Date,AAPL,AMD,AMZN,BAC,BK,C,CSCO,F,GOOG,HOG,HPQ,IBM,INTC,JPM,MS,MSFT,NVDA,SONY,T,VZ
11/01/2021,147.884644,125.230003,165.905502,46.537212,57.735558,66.266304,53.961533,17.296173,143.774002,39.01923,30.082209,113.507439,46.759529,163.397614,99.660919,325.716522,257.997131,121.239998,17.578903,49.424942
11/02/2021,148.936981,127.629997,165.637497,46.566391,57.648983,65.304825,55.423599,17.353989,145.863007,37.685909,29.851177,113.417542,47.052071,164.042358,100.293373,329.434784,263.731079,123.32,17.481895,49.070232
11/03/2021,150.396378,130.529999,169.199997,47.042946,57.802895,65.685608,55.452454,17.951403,146.789993,38.480019,30.082209,114.271469,47.552223,164.100098,98.328903,330.295166,265.699005,123.139999,17.44725,49.415604
11/04/2021,149.870193,137.5,173.850006,46.031479,56.812096,63.78167,54.942657,18.712629,148.682999,37.048664,30.15922,113.623474,47.806889,161.944534,95.626556,332.708099,297.695129,122.650002,17.183947,48.398174
11/05/2021,150.407074,136.339996,175.949493,45.681358,56.58123,63.772148,54.894566,18.587366,149.240997,37.362385,30.756052,116.218437,48.386539,161.713593,95.703224,332.332275,297.205627,123.220001,17.391819,48.762211
11/08/2021,149.571899,150.160004,174.449005,46.041203,56.735138,65.162025,54.827232,19.416039,149.351501,37.11729,30.419132,117.092827,48.985191,162.685501,95.894875,333.251984,307.714569,123.349998,17.23938,48.846214
11/09/2021,149.939789,148.919998,178.811493,45.593826,56.350365,64.724113,55.250454,19.387131,149.248505,36.931015,30.582779,115.139687,48.652603,161.453781,95.549896,332.223541,306.246124,122.470001,17.121588,48.762211
11/10/2021,147.066467,139.869995,174.102493,45.934219,56.908291,64.933548,55.567879,18.654814,146.626007,36.431023,30.342121,114.539459,48.234493,161.299805,93.690834,327.130646,294.278778,121.449997,17.287884,49.09824
11/11/2021,147.016739,146.009995,173.625,46.187092,57.706703,65.561852,54.596378,18.837893,146.748001,36.950623,30.505766,114.58709,48.015942,161.290192,94.754524,328.742584,303.578918,121,17.267096,48.958229
11/12/2021,149.124527,147.889999,176.257507,45.623001,57.793278,65.837921,54.654095,18.789715,149.645493,37.636894,30.630909,113.338997,47.806889,160.568466,95.684059,332.984985,303.578918,122.900002,17.280954,48.855553
11/15/2021,149.13446,146.490005,177.283997,45.759159,57.629742,65.438087,55.086937,19.1366,149.388,37.911396,30.178474,113.25325,47.816391,160.279785,96.029037,332.342224,299.932739,122.949997,17.183947,48.91156
11/16/2021,150.128693,152.449997,177.035004,45.788338,56.89867,64.486122,54.827232,19.069155,149.076004,37.980026,30.043705,112.862617,48.091965,159.125031,96.489014,335.74408,301.710876,125.080002,17.086941,48.594196
11/17/2021,152.604324,151.339996,177.449997,45.233974,55.840538,63.638882,54.596378,19.232958,149.061996,37.234932,29.77417,112.481522,47.730865,158.268585,93.604599,335.971893,292.300842,124.230003,17.086941,48.286156
11/18/2021,156.959045,155.020004,184.802994,45.049191,55.571201,63.886383,51.585693,18.94243,150.709,37.225132,30.236231,111.147682,47.208233,156.90213,93.604599,338.101929,316.415344,125.160004,16.899858,47.828781
11/19/2021,159.623566,155.410004,183.828506,44.154427,54.897835,63.15337,51.220177,18.777796,149.952499,36.656506,30.274736,110.56649,47.056194,154.852448,92.866722,339.924835,329.501526,125.239998,16.719707,47.474079
11/22/2021,160.090881,152.520004,178.628494,45.010281,55.99445,63.819752,52.518715,19.833385,147.078506,38.460415,30.736795,110.966644,47.350773,158.153122,95.176163,336.675293,319.222382,122.400002,17.114655,48.108803
11/23/2021,160.478622,149.919998,179.001999,46.196815,56.764,64.80027,53.192036,19.562225,146.757004,38.538845,30.987082,111.27153,46.657085,161.934921,97.610191,334.545258,317.124573,121.779999,17.156235,48.304829
11/24/2021,161.005554,157.800003,179.020493,46.323254,56.677422,64.048218,53.422886,19.610645,146.717499,38.048653,34.115631,111.214371,47.284248,160.664688,96.901077,334.773102,326.394775,122.220001,16.95529,48.220818
11/26/2021,155.905167,154.809998,175.227997,44.504551,54.590019,62.353725,52.586044,19.126432,142.806,36.666317,33.287773,110.33783,46.353012,155.824356,93.844162,326.619507,314.697174,121.269997,16.782064,48.351498
11/29/2021,159.315384,161.910004,178.078506,44.339218,54.840122,61.915825,53.634502,19.04896,146.113998,36.931015,34.587318,112.900726,47.51231,155.150757,93.173378,333.505005,333.407379,121.440002,16.553408,48.220818
11/30/2021,164.346176,158.369995,175.3535,43.249947,52.70462,60.64019,52.749569,18.584114,142.451996,35.911419,33.961609,111.566872,46.752121,152.841248,90.863922,327.521057,326.414795,121.849998,15.818933,46.923355
12/01/2021,163.819229,149.110001,172.186005,42.63723,52.079357,59.516869,52.932323,18.9618,141.617996,35.911419,35.097511,111.395386,46.181965,151.936676,91.285561,327.015839,314.056305,119.370003,15.403193,46.456638
12/02/2021,162.815063,150.679993,171.867996,43.868561,54.012856,60.744904,54.009636,19.242643,143.776505,36.646709,36.233421,111.376335,47.037189,155.1315,94.735367,326.431305,320.95993,120.160004,15.971373,47.35273
12/03/2021,160.906128,144.009995,169.489502,42.871765,52.791195,59.745335,54.086582,18.535688,142.520493,35.79377,36.146782,113.224655,46.799629,152.321609,94.11248,320.011444,306.64328,120.019997,16.255459,47.996796
12/06/2021,164.366058,139.059998,171.3685,43.145397,53.320259,59.516869,54.788757,18.613163,143.796494,36.940823,35.54995,114.24411,48.45306,154.121109,95.12825,323.161926,300.089386,121,16.130737,47.670097
12/07/2021,170.19223,144.850006,176.164505,43.69265,53.993622,59.878616,55.866066,19.329802,148.036499,37.738106,36.141159,115.835205,49.954445,156.440231,98.223488,331.810883,323.967041,124.760002,15.992158,47.408741
12/08/2021,174.069733,145.240005,176.158005,43.155167,54.176384,59.459747,54.846474,19.184536,148.720505,37.324696,35.579025,117.207153,49.175243,154.650375,97.02565,331.860413,317.962677,125.940002,16.05452,47.128712
12/09/2021,173.552734,138.100006,174.171005,43.477661,54.907455,59.155121,55.356266,18.952114,148.106003,36.438828,35.036285,117.731155,47.96843,154.40979,96.383606,330.007751,304.615173,122.849998,15.895151,46.820679
12/10/2021,178.41452,138.550003,172.212006,43.506977,54.570782,57.793816,56.991463,20.772758,148.675003,36.232124,35.307652,118.226585,48.072956,153.793915,94.323296,339.360168,301.697876,123.260002,15.825862,46.848679
12/13/2021,174.725952,133.800003,169.567505,42.588367,53.993622,57.289268,56.375858,19.784964,146.704498,37.934963,34.193081,116.787941,47.51231,151.965546,93.115868,336.249268,281.346893,120.589996,15.548703,46.93269
12/14/2021,173.324066,135.600006,169.091507,43.125851,54.618877,57.727173,55.567879,19.41696,144.970505,37.226269,34.503223,117.912193,47.227238,153.129929,94.697029,325.291962,283.105255,120.610001,15.444766,47.278057
12/15/2021,178.265396,146.5,173.315002,42.940174,54.73431,57.346386,57.645546,19.552538,147.3685,37.334541,35.142887,117.2929,48.148975,151.984802,95.281578,331.543365,304.30545,123.849998,15.361618,47.184715
12/16/2021,171.265991,138.639999,168.871002,43.976055,56.196453,58.136517,58.011055,19.707491,144.838501,36.428982,35.569336,119.979652,48.301014,154.361679,96.11528,321.883881,283.604767,122.209999,16.428686,49.238255
12/17/2021,170.152466,137.75,170.017502,42.881542,55.31147,56.680012,58.155338,19.1458,142.802994,35.838406,35.44334,121.380196,48.101463,150.849274,93.077538,320.794098,277.750275,121.129997,16.47719,49.630295
12/20/2021,168.770493,135.800003,167.078995,42.177921,54.330292,55.48053,58.059155,18.806854,142.401505,34.529285,35.016895,121.056259,47.132214,148.135635,91.390984,316.940216,276.93103,118.949997,16.761282,49.555622
12/21/2021,171.991791,144.25,170.417007,43.184486,55.686626,56.527699,58.703609,18.990852,144.220505,34.696617,35.879475,122.876007,48.244003,150.204559,93.690834,324.251709,290.478394,120.550003,16.95529,49.266258
12/22/2021,174.626495,143.880005,171.037003,43.272438,55.705868,56.737125,59.184547,19.504118,146.949005,34.854103,36.131462,123.619141,48.434055,150.791565,94.19873,330.106873,293.725342,123.099998,17.17009,49.25692
12/23/2021,175.262817,146.139999,171.068497,43.409248,55.898254,57.317825,59.905964,19.610645,147.142502,35.671074,36.490067,124.457581,48.757137,151.330444,95.195335,331.583008,296.123108,123.860001,17.232454,49.172916
12/27/2021,179.289459,154.360001,169.669495,43.624249,56.292652,57.736694,61.002506,20.14328,148.063995,35.828564,36.926201,125.400787,49.355789,152.196503,96.211105,339.270996,309.160919,127.209999,17.17009,49.172916
12/28/2021,178.255447,153.149994,170.660995,43.68288,56.234932,57.708134,61.108318,20.104544,146.447998,36.655373,36.780827,126.363068,49.184746,152.658417,95.799049,338.082123,302.936737,127.480003,17.197805,49.210251
12/29/2021,178.344925,148.259995,169.201004,43.614471,56.148361,57.631981,61.521923,19.910858,146.504501,36.793175,36.809902,127.049049,49.251259,152.581436,94.610786,338.775665,299.729736,126.690002,17.073084,48.874218
12/30/2021,177.171722,145.149994,168.644501,43.51675,55.763584,57.52726,61.194885,19.8237,146.002502,37.058937,36.586987,127.582588,49.165741,152.504425,94.677872,336.170044,295.583557,125.919998,17.17009,48.771542
12/31/2021,176.54538,143.899994,166.716995,43.477661,55.869396,57.489182,60.954414,20.114229,144.679504,37.098309,36.509449,127.344398,48.937679,152.379349,94.064575,333.197906,293.835236,126.400002,17.045366,48.500847
01/03/2022,180.959732,150.240005,170.404495,45.129204,56.283028,60.069008,60.752419,21.082655,145.074493,37.108154,36.848671,129.611923,50.562599,155.603027,96.00988,331.642456,300.928589,126.269997,17.620476,48.948891
01/04/2022,178.663071,144.419998,167.522003,46.898022,58.293476,60.535473,59.262394,23.542458,144.416504,38.417267,37.992317,131.498383,50.496078,161.501907,99.910072,325.95575,292.626373,128.559998,17.765984,49.910324
01/05/2022,173.91066,136.149994,164.356995,46.106449,57.889473,59.831017,58.323872,22.912981,137.653503,37.836533,37.672482,131.68895,51.189766,158.549301,97.437706,313.443024,275.782166,128.589996,18.16094,50.42371
01/06/2022,171.007507,136.229996,163.253998,47.034832,58.966835,61.792065,58.9431,23.687721,137.550995,38.249939,37.488335,128.945023,51.322796,160.233749,99.10511,310.966217,281.516754,123.110001,18.09165,50.181011
01/07/2022,171.176544,132,162.554001,48.060944,59.957642,62.620274,59.14629,23.668354,137.004501,39.086597,37.459259,128.459122,50.781155,161.821365,99.708817,311.124725,272.215424,124.309998,18.709717,51.239048
01/10/2022,171.196411,132,161.485992,47.816628,60.409748,62.858269,59.8139,23.096981,138.574005,38.427113,37.759708,128.649658,52.463093,161.976257,99.785484,311.3526,273.744019,123.169998,18.8307,50.889519
01/11/2022,174.069733,137.309998,165.362,48.09026,60.669472,63.886383,60.34605,23.581196,140.017502,38.19088,37.98262,126.591713,53.128265,162.140839,101.500793,312.05603,277.910156,126.32,18.7453,50.625011
01/12/2022,174.517136,137.470001,165.207001,47.748222,61.131195,64.048218,60.10416,23.697407,141.647995,37.580616,37.788788,127.27771,52.966728,163.060486,98.750542,315.31543,279.728394,127.150002,18.823584,50.49276
01/13/2022,171.196411,132.740005,161.214005,47.650494,61.227394,64.5242,59.504284,24.230043,139.130997,37.718418,37.507721,128.39241,52.206524,162.857178,98.271416,301.97049,265.50174,124.800003,19.072666,50.558884
01/14/2022,172.07135,136.880005,162.138,46.819839,61.179298,63.715034,59.368828,24.394676,139.786499,37.580616,37.236343,127.868401,52.928715,152.847412,94.754524,307.320374,269.168335,124.790001,19.343103,50.332161
01/18/2022,168.820221,131.929993,158.917496,45.207382,60.525177,62.163334,57.791721,23.610249,136.290497,35.306877,36.470684,126.658417,52.03548,146.438843,90.087708,299.840454,258.787994,115.839996,19.435617,50.473866
01/19/2022,165.270813,128.270004,156.298996,45.383286,56.985249,61.154251,56.988651,21.741186,135.651993,34.982059,35.472412,125.362686,50.952202,144.173553,91.735954,300.514099,250.435822,110.040001,19.414268,50.539989
01/20/2022,163.56073,121.889999,151.667496,44.708988,57.639362,61.363682,56.195263,20.966442,133.5065,33.781216,34.997513,124.638603,49.450813,142.944153,95.664894,298.800171,241.274384,113.629997,19.229235,50.445522
01/21/2022,161.472855,118.809998,142.643005,43.897869,55.003651,60.230843,54.840691,19.998014,130.091995,32.915031,33.786022,123.238052,49.450813,140.446533,94.735367,293.281921,233.521637,111.629997,18.937452,50.218803
01/24/2022,160.687393,116.529999,144.544006,43.536293,56.658184,59.688225,55.053555,19.746227,130.371994,33.928856,34.522602,122.733101,49.355789,140.320679,93.987907,293.618774,233.501648,110.540001,18.7453,50.029865
01/25/2022,158.858017,111.129997,139.985992,44.396267,56.773617,61.030491,54.289192,19.349169,126.735497,33.712315,33.902325,129.669113,48.462555,141.850235,94.90786,285.81189,223.031464,109.919998,18.844933,49.97319
01/26/2022,158.768524,110.709999,138.872498,44.855576,56.677422,61.639751,53.5345,19.28138,129.240005,33.505608,34.144623,127.916046,49.118229,143.195831,95.990707,293.955597,227.507263,110.029999,17.257917,48.197205
01/27/2022,158.301239,102.599998,139.637497,44.435364,56.148361,61.068573,52.847542,18.932747,129.121002,32.846127,34.125237,126.25827,45.659332,140.669205,96.929825,297.056519,219.235001,102.970001,17.165401,48.357792
01/28/2022,169.347153,105.239998,143.977997,44.826256,56.583767,61.582634,53.805416,19.020355,133.289505,33.210323,35.181656,128.144699,45.355247,141.927673,98.232506,305.398376,228.186615,106.839996,17.941118,49.97319
01/31/2022,173.771469,114.25,149.573502,45.090111,57.338478,61.991978,53.863468,19.760141,135.698502,34.027287,35.598412,127.258667,46.391022,143.854141,98.946587,308.09314,244.631256,111.660004,18.147501,50.284931
02/01/2022,173.602463,116.779999,151.193497,45.871906,58.722103,63.362801,53.5732,20.110567,137.878494,35.356091,36.305916,129.126038,46.514557,146.322678,100.307167,305.893707,246.149826,112.559998,17.378901,50.256588
02/02/2022,174.825333,122.760002,150.612503,45.823048,59.070431,63.048656,54.347244,20.081366,148.036499,35.79903,36.984348,130.764771,47.046684,145.151337,100.278206,310.550079,252.184174,112.25,17.464298,50.823391
02/03/2022,171.902313,120.080002,138.845505,45.373516,58.799511,62.125259,53.408722,19.361044,142.650497,35.041119,36.557911,131.26973,45.877884,143.950928,98.705338,298.453461,239.256287,108.029999,17.478535,50.813946
02/04/2022,171.613632,123.599998,157.639496,47.181419,59.805794,63.40134,53.360344,17.48237,143.016006,35.188766,36.441608,130.669495,45.968853,147.687637,100.461555,303.099915,242.962799,109.120003,17.136936,50.360508
02/07/2022,170.886917,123.669998,157.935501,47.406185,60.231525,63.669987,53.379692,17.414232,138.938004,35.552952,36.334995,130.755249,46.131622,148.181366,101.494064,298.15625,247.048996,109.75,17.030186,50.067657
02/08/2022,174.042633,128.229996,161.413498,48.256393,61.557098,64.399185,53.544178,17.248755,139.212997,41.074883,36.829285,130.545639,46.734837,150.969376,102.623055,301.732697,250.845428,109.769997,17.0373,49.89761
02/09/2022,175.486115,132.850006,161.189499,48.158661,61.595806,65.089996,54.463348,17.862,141.453003,42.649769,37.216961,131.279251,47.788074,151.598618,104.919647,308.320984,266.800507,111.459999,17.435835,50.539989
02/10/2022,171.344833,125.769997,159.003494,47.933899,61.411968,64.763779,53.089428,17.59918,138.602493,41.911545,36.935898,128.743347,46.782711,150.969376,103.800293,299.572968,257.998749,109.910004,17.257917,50.105442
02/11/2022,167.880524,113.18,153.293503,46.829613,60.308933,64.427971,52.150909,17.083275,134.130005,41.065044,36.179928,127.943031,45.605007,149.004211,100.905434,292.301117,239.266281,107.790001,17.172516,50.369953
02/14/2022,168.119431,114.269997,155.167007,46.340988,59.476814,63.765934,51.454269,16.995667,135.300003,40.316975,35.385185,125.493896,45.557133,147.619888,98.975533,292.261475,242.443298,107.110001,17.115585,50.322716
02/15/2022,172.011826,121.470001,156.510498,46.702572,60.21217,64.284042,52.5089,17.59918,136.425507,41.389862,36.218689,125.291405,46.380562,149.778656,99.805382,297.680725,264.702484,108.459999,17.321966,50.407734
02/16/2022,171.772919,117.690002,158.100494,46.595074,60.473415,64.236069,52.489552,17.531042,137.487503,41.626091,36.722672,124.558594,46.179493,150.049698,97.605293,297.333252,264.862305,106.519997,17.0373,50.445522
02/17/2022,168.119431,112.370003,154.652496,45.021709,55.490406,62.086872,53.960224,17.073542,132.308502,41.163471,35.297958,120.499214,45.547558,146.593719,92.78051,288.626709,244.841049,104.809998,16.909203,50.61557
02/18/2022,166.546555,113.830002,152.601501,44.914211,54.551861,61.539978,55.353497,17.560244,130.467499,41.350487,35.08474,119.90139,43.125118,147.281052,92.076088,285.846924,236.199127,104.230003,16.987484,50.851734
02/22/2022,163.579971,115.650002,150.197495,44.523312,53.835857,61.300114,54.473026,16.830191,129.402496,40.04137,34.105858,119.486778,42.789997,147.019684,91.429565,285.638458,233.681473,102.68,16.902084,50.917862
02/23/2022,159.349121,109.760002,144.826996,43.761063,51.620106,60.657272,52.673386,16.499231,127.584999,39.94294,33.47588,117.702965,42.751701,143.941254,90.271622,278.242371,223.660858,101.309998,16.731285,50.454967
02/24/2022,162.007095,116.610001,151.358002,42.60791,50.797672,58.21064,52.953972,16.693913,132.673492,39.500004,33.466187,117.606537,44.733696,139.933456,88.592606,292.458771,237.258133,101.989998,16.532017,49.68034
02/25/2022,164.10759,121.059998,153.788498,43.995602,52.607037,59.467537,54.221462,17.355827,134.519501,40.35775,33.388657,119.737473,45.681606,143.244247,91.23658,295.159058,241.34433,104.089996,17.015951,51.125687
02/28/2022,164.376373,123.339996,153.563004,43.19426,51.426594,56.82901,53.960224,17.09301,134.891006,40.812321,33.301426,118.12722,45.672031,137.271301,87.560097,296.628387,243.622208,102.529999,16.859385,50.700584
03/01/2022,162.465027,113.830002,151.141998,41.503624,48.93993,56.214958,52.847542,16.25588,134.167999,39.547436,33.020363,117.00872,44.829445,132.092148,84.559074,292.816162,234.550674,100.860001,16.745514,50.643906
03/02/2022,165.809891,118.279999,152.052505,42.177921,50.449341,57.145641,54.327896,17.618649,134.751495,40.832085,35.191349,119.428925,46.792286,134.831772,85.282799,298.018219,242.014954,101.739998,16.9519,51.144581
03/03/2022,165.481369,111.980003,147.898499,41.726192,50.662209,55.284275,54.250492,17.131947,134.307999,40.90126,35.491798,121.424873,45.89225,133.873383,84.703835,293.779144,236.958817,100.230003,17.015951,51.635811
03/04/2022,162.43515,108.410004,145.641006,40.213875,49.268906,54.296032,54.676212,16.401892,132.121994,38.49007,35.230118,122.090179,46.026302,130.107635,83.333595,287.762939,229.184784,98.470001,16.987484,52.060913
03/07/2022,158.582596,102.949997,137.453003,37.650791,48.388409,53.298187,53.786064,15.545294,126.4645,36.177704,34.561375,121.55986,45.652878,125.083397,80.525558,276.892181,213.356873,95.82,16.773985,51.654705
03/08/2022,156.730957,105.529999,136.014496,37.896297,49.085064,52.645756,52.634686,15.603699,127.278503,36.800262,34.776104,121.183815,45.48053,124.202454,80.390465,273.85434,214.975632,97.419998,16.368334,50.303825
03/09/2022,162.216156,111.050003,139.279007,40.302258,50.488049,53.681973,54.105354,15.934657,133.865997,38.618538,35.186035,121.704491,45.605007,129.178284,84.337135,286.412781,229.964172,98.339996,16.553368,50.143227
03/10/2022,157.806107,106.459999,146.817505,39.938904,48.378735,52.655354,52.934624,15.89572,132.682007,38.341839,35.283646,119.90139,44.676243,127.648758,82.851112,283.523865,226.406891,100.18,16.503551,50.284931
03/11/2022,154.033157,104.290001,145.524506,39.605022,48.378735,51.964535,52.915268,15.613433,130.475494,38.055264,35.420284,119.525345,43.881531,124.773605,82.194946,278.043793,220.831161,97.309998,16.503551,50.105442
03/14/2022,149.941666,102.25,141.852997,40.459381,48.891548,52.031696,52.53793,15.321409,126.740997,37.472229,33.282768,119.506065,42.512329,126.012726,81.75106,274.440063,213.137039,94.790001,16.290051,49.595314
03/15/2022,154.391525,109.330002,147.366501,40.75399,48.910904,52.876022,53.795738,15.632899,129.660507,37.590816,34.024555,121.145248,42.9049,128.248932,83.304642,285.072571,229.554489,98.099998,16.432384,49.840931
03/16/2022,158.871277,115.370003,153.104004,42.030617,50.226803,54.497517,53.998928,16.139071,133.690506,38.974285,34.951786,122.495163,44.647522,133.979874,88.544357,292.260193,244.772858,102.75,16.503551,49.585873
03/17/2022,159.896637,111.690002,157.238998,42.256485,50.807346,54.967655,54.347244,16.139071,134.600494,38.638298,33.663422,123.382248,45.135838,135.673981,90.570755,293.084198,247.470795,104.620003,16.503551,49.463062
03/18/2022,163.241501,113.459999,161.250504,42.128826,50.604153,55.025223,54.153736,16.411627,136.801498,39.873535,36.201111,124.153618,45.432659,135.62558,91.497108,298.25647,264.327881,106.120003,16.524899,47.989372
03/21/2022,164.635208,115.919998,161.491501,42.069901,50.488049,54.670223,54.182758,16.041731,136.4785,38.974285,36.640331,123.51725,45.37521,135.189957,89.364563,296.995667,267.135742,104.449997,16.482201,48.272774
03/22/2022,168.059708,114.779999,164.889008,43.385811,50.981506,55.16914,54.347244,16.635509,140.277496,39.428856,37.313789,124.442894,46.332691,138.065109,90.918144,301.860229,265.037323,105.730003,16.517782,48.17831
03/23/2022,169.443466,113.919998,163.408005,42.315407,50.052639,54.065758,52.712086,16.236412,138.503494,37.333885,36.825775,123.710083,46.217796,135.315796,89.142624,297.323303,256.144165,104.150002,16.517782,48.149971
03/24/2022,173.286057,120.529999,163.649506,42.295765,50.352585,54.132919,52.731434,16.382423,141.311996,37.699516,37.606602,124.626106,49.425369,136.196747,88.901382,301.899963,281.284943,107.370003,16.603186,48.17831
03/25/2022,173.933136,119.669998,164.773499,42.943897,51.029892,54.439953,53.18618,16.031996,141.5215,38.154087,38.885204,126.650978,49.626438,137.387451,89.142624,301.482971,276.708466,106.290001,16.966133,48.442818
03/28/2022,174.809174,120.239998,168.990494,42.767132,50.807346,53.653187,53.350666,16.226679,141.949997,38.648182,37.821331,126.766678,49.320045,136.370987,88.071518,308.452209,281.974396,105.029999,16.987484,48.338905
03/29/2022,178.154037,123.230003,169.315002,42.659111,51.029892,54.180893,53.863468,17.277956,143.25,39.824131,38.768082,127.219856,50.028584,136.671082,88.621552,313.128143,286.341064,105.800003,17.072884,48.414482
03/30/2022,176.969406,119.220001,166.300995,42.22702,50.159069,52.741699,54.231136,16.810722,142.644501,39.48814,37.909172,127.403069,49.243446,136.051529,87.106552,311.589325,276.688446,105.190002,17.179634,48.754559
03/31/2022,173.823639,109.339996,162.997498,40.479019,48.020737,51.235348,53.95055,16.460295,139.649506,38.934761,35.430046,125.368553,47.452953,131.966324,84.337135,306.079468,272.65152,102.709999,16.816681,48.121624
04/01/2022,173.524963,108.190002,163.559998,40.164772,47.846569,50.208721,53.853798,16.207209,140.699997,38.302311,34.746822,125.493896,46.064598,130.988556,83.941505,307.181458,266.915894,102.919998,17.065767,49.23634
04/04/2022,177.636368,110.529999,168.346497,40.096035,47.904621,50.659664,54.05698,16.216944,143.642502,38.341839,35.761894,125.609612,47.108261,131.569397,84.221344,312.691284,273.390991,105.040001,17.208099,49.557533
04/05/2022,174.271591,106.82,164.054993,39.418434,47.372456,49.489117,53.501694,15.399282,141.063004,36.38522,35.137234,124.278984,46.083748,130.038284,82.291435,308.63089,259.111908,101.099998,17.001717,49.859821
04/06/2022,171.056152,103.669998,158.755997,38.986347,46.637104,48.481686,52.9659,14.980719,137.175995,36.009708,34.073357,124.761086,45.518833,128.2341,80.216774,297.333252,243.88353,99.370003,17.101351,50.256588
04/07/2022,171.364746,103.720001,157.7845,38.681911,46.211369,48.001949,53.219189,14.562153,136.464996,36.553215,39.099934,123.951141,45.537983,127.843994,80.216774,299.189697,241.89505,98.199997,16.887852,50.361767
04/08/2022,169.323975,101,154.460495,38.956882,46.77256,48.817497,52.878223,14.64976,134.010498,37.452469,37.704208,123.160477,45.020943,130.18457,81.114189,294.821533,231.013367,98.269997,17.179634,51.184078
04/11/2022,165.003525,97.370003,151.121994,38.878319,46.511318,48.500874,51.514381,14.873643,129.796494,37.768692,37.27475,121.849136,44.590076,129.706696,81.075584,283.196259,219.002548,92.830002,18.4963,51.537865
04/12/2022,166.904938,95.099998,150.787506,38.46587,46.104935,48.299385,50.481754,14.951515,128.374496,37.304237,36.981937,121.473091,44.523048,128.282837,80.988747,280.019379,214.875702,90.830002,18.430346,51.317944
04/13/2022,169.632568,97.739998,155.541,38.122166,46.77256,48.117088,50.803234,15.097527,130.285995,37.748924,37.030739,121.627357,45.011364,124.14785,81.18174,285.539154,221.860352,91.790001,18.56225,51.767345
04/14/2022,164.545593,93.059998,151.706497,36.89463,45.756607,48.865471,49.848541,15.068325,127.252998,37.748924,36.572006,122.032333,43.728333,122.997063,81.789658,277.805511,212.417587,89.139999,18.67695,51.470932
04/18/2022,164.326599,93.889999,152.785004,38.151623,44.711624,50.189529,49.790092,15.253273,127.960999,37.976212,37.509003,121.656281,44.657097,125.279121,83.449387,278.49054,217.663574,88.480003,18.600483,51.050217
04/19/2022,166.646103,96.93,158.115494,38.858681,45.011574,50.774803,50.491501,15.720507,130.531006,40.219406,37.762764,124.529671,45.89225,127.87326,85.794228,283.235931,221.810394,89.32,18.62916,51.39444
04/20/2022,166.476852,94.019997,153.998001,38.947063,45.495361,50.947502,51.650764,15.623165,128.245499,40.753029,38.436234,133.371628,46.064598,128.321869,87.434654,284.288269,214.655884,89.07,18.57181,52.025513
04/21/2022,165.670517,89.849998,148.296005,38.210545,44.653572,50.496555,51.416962,15.282474,124.9375,38.717358,37.372353,134.846893,45.48053,127.327126,85.794228,278.778442,201.675797,88.150002,19.317354,52.599216
04/22/2022,161.061356,88.139999,144.350006,36.884815,42.776478,49.153305,50.033634,14.727633,119.613998,37.412945,35.908302,133.304123,44.561344,123.669975,81.770355,272.047516,195.0009,85.599998,18.657833,49.635075
04/25/2022,162.146454,90.690002,146.074005,36.619667,42.93129,49.057362,50.59866,14.884413,123.25,37.857628,36.11327,134.123718,45.059242,123.630959,82.069504,278.689087,198.86795,87.580002,18.648275,48.076508
04/26/2022,156.093842,85.160004,139.391006,35.794765,41.857281,48.19384,49.585518,14.41407,119.505997,36.05912,35.469086,131.31781,43.584713,119.973816,79.483429,268.265045,187.736465,84.239998,18.44755,47.244637
04/27/2022,155.864883,84.910004,138.167007,35.598358,41.301392,47.589382,48.036575,14.551253,115.0205,35.891125,35.57645,130.228256,43.297466,118.413445,79.329018,281.171021,184.009308,85.449997,18.227709,46.336266
04/28/2022,162.90303,89.639999,144.596497,36.148293,42.383911,47.992355,49.322491,14.32588,119.411499,36.622391,36.679371,130.883926,44.848591,120.285896,81.168449,287.534637,197.668869,87.300003,18.56225,46.2789
04/29/2022,156.940002,85.519997,124.281502,35.038609,41.018574,46.732204,47.715096,13.875134,114.966499,36.019592,35.75214,127.480217,41.736767,116.404449,78.433632,275.512238,185.328308,86.050003,18.026983,44.270927
05/02/2022,157.248627,89.839996,124.5,35.490341,41.642727,47.216877,48.572376,13.982923,117.156998,36.217228,36.171833,128.280518,43.048523,117.467453,79.766983,282.411987,195.180771,86.099998,18.275501,44.203999
05/03/2022,158.761765,91.129997,124.253502,36.462543,42.042576,48.564266,48.630821,14.267088,118.129501,38.292435,37.011219,127.779114,43.144272,119.983574,81.509079,279.741425,195.870255,86.330002,18.476225,45.102802
05/04/2022,165.272308,99.419998,125.928497,37.925758,43.690731,50.628979,50.247959,14.678638,122.574997,40.575157,38.445992,132.484528,44.561344,123.952789,84.886238,287.882111,203.184647,88.519997,19.068842,46.250214
05/05/2022,156.06398,93.870003,116.406998,36.865177,43.008064,49.737183,48.328831,14.237692,116.746498,36.93861,37.001457,131.05748,43.041386,120.851532,82.667244,275.343475,188.296021,84.93,19.068842,45.743439
05/06/2022,156.801712,95.339996,114.772499,36.776791,42.676483,50.037674,48.056061,13.924129,115.660004,37.897156,36.201111,132.744888,42.751873,120.656487,81.976242,272.742432,186.60733,83.660004,19.145308,46.154598
05/09/2022,151.597595,86.360001,108.789001,35.716206,42.140102,48.360706,47.695618,13.101027,113.084,36.207348,36.123024,131.202927,41.564857,118.842545,78.978653,262.665833,169.370514,80.839996,18.686506,46.489254
05/10/2022,154.040131,88.730003,108.859001,35.117168,41.89629,47.255653,48.270378,13.08143,114.584503,36.711327,36.640331,126.020775,42.472008,115.946083,78.112465,267.550262,175.815567,82,18.5049,46.020733
05/11/2022,146.054504,87.919998,105.372002,34.930588,41.379414,46.199066,47.393623,12.571891,113.960999,35.38715,35.000587,127.601768,41.333244,115.214653,76.779121,258.664978,166.172958,80.059998,18.57181,45.781685
05/12/2022,142.12648,87.059998,106.930496,34.439571,41.750008,45.132786,47.042919,12.189736,113.161003,35.011635,34.981071,129.699997,41.342892,115.117126,76.487144,253.502625,161.626419,83.900002,18.848997,45.9538
05/13/2022,146.662659,95.120003,113.055,34.537777,42.383911,46.179676,48.280121,13.228413,116.515503,37.04731,35.898544,130.383148,42.076332,116.141129,78.384979,259.230896,176.924713,87.010002,18.963699,46.068539
05/16/2022,145.097427,94.239998,110.810501,34.184246,42.169357,46.005196,47.734585,12.787466,114.792503,36.177704,36.611042,131.778702,41.574505,115.331696,77.7621,259.608124,172.508087,86.360001,19.384264,46.89085
05/17/2022,148.786179,102.470001,115.3685,35.343037,43.485935,49.485149,49.293259,13.257809,116.7015,37.956444,38.670479,135.038284,42.848377,119.154617,80.711029,264.889679,181.631134,87.690002,19.661455,46.795235
05/18/2022,140.391785,96.279999,107.112503,34.252991,42.218124,47.808182,47.111111,12.522897,112.401001,35.327858,35.966866,129.739044,40.870018,117.116364,78.53096,252.82933,169.250595,87.07,19.336473,46.747421
05/19/2022,136.932327,96.669998,107.319,33.830719,42.247375,48.254078,40.642586,12.59149,110.745499,32.047062,34.873707,126.538017,40.541897,115.380447,77.820488,251.893936,171.109192,88.709999,19.317354,46.948219
05/20/2022,137.171585,93.5,107.591003,33.251324,42.686237,48.224998,41.831078,12.24853,109.313004,31.958124,33.819592,125.386421,40.194481,114.434464,77.246284,251.316803,166.812454,89.940002,19.498966,47.359375
05/23/2022,142.674805,95.07,107.556999,35.225189,43.573708,51.152428,42.230492,12.571891,111.666496,31.94824,34.219761,128.011658,40.532249,121.514702,80.107613,259.366974,168.850906,89.769997,19.823948,47.49324
05/24/2022,139.933167,91.160004,104.099998,35.009148,43.242123,51.065182,42.639648,12.170139,105.926003,31.246626,33.936714,130.578323,40.213779,123.231117,79.766983,258.342041,161.416565,89.029999,20.225397,48.458977
05/25/2022,140.092697,92.650002,106.775002,35.195732,43.612717,51.084572,42.863705,12.454306,105.8395,33.213123,34.717537,131.154114,40.725258,124.089325,80.029762,261.227753,169.620316,88.290001,20.359213,48.994438
05/26/2022,143.342758,98.75,111.077499,36.010811,44.529438,52.431965,43.82814,12.856057,108.295998,34.912815,35.888779,133.593918,41.960526,126.234848,82.725639,264.591125,178.373611,90.540001,20.37833,48.755398
05/27/2022,149.184952,102.260002,115.1465,36.354519,45.329136,51.976368,44.441868,13.355797,112.799004,35.910889,37.821331,135.916626,42.993134,128.019547,84.136833,271.894989,187.966278,92.260002,20.349655,49.147427
05/31/2022,148.38739,101.860001,120.209503,36.531284,45.455917,51.772808,43.886585,13.404792,114.039001,34.764587,37.909172,135.496964,42.86768,128.95575,83.835129,270.531769,186.577332,94.07,20.349655,49.042248
06/01/2022,148.257782,101.220001,121.683998,36.010811,44.519688,50.784073,44.061939,13.277407,114.137001,33.6012,39.373222,136.072769,42.568512,126.693214,82.725639,271.079041,183.060028,94.059998,20.282747,49.147427
06/02/2022,150.750183,108.589996,125.511002,36.247856,45.319382,50.822849,44.607483,13.610567,117.746002,35.874371,38.93401,136.775436,43.272999,128.731461,82.92028,273.228394,195.770309,93.839996,20.254072,49.042248
06/03/2022,144.937912,106.300003,122.349998,35.744137,44.461174,49.756569,44.081425,13.228413,114.564003,34.673264,38.855927,137.780624,41.873672,126.937019,81.869179,268.690857,187.056976,92.639999,19.976879,48.583282
06/06/2022,145.695602,105.650002,124.790001,35.704632,44.81226,49.824425,44.159363,13.189218,117.010498,35.040543,38.572876,139.439713,41.82542,126.51767,82.599113,267.427094,187.716476,92.300003,20.015116,48.994438
06/07/2022,148.257782,105.279999,123,35.902164,45.192596,50.502964,44.393162,13.463584,117.2295,34.812233,38.661278,139.342102,42.008778,126.849258,83.046806,271.158661,189.115402,92.639999,20.20628,49.386471
06/08/2022,147.510071,101.900002,121.18,35.447834,44.217361,49.834118,43.759945,13.257809,117.237999,34.94128,37.276306,137.439072,39.789158,124.830513,80.973801,269.078949,186.376907,92.260002,20.120255,49.290852
06/09/2022,142.206238,98.800003,116.150002,34.084835,42.949551,48.438255,43.116989,13.012838,114.917999,34.722897,36.019032,134.638168,38.61179,122.207115,78.988396,263.486603,180.380234,89.529999,19.957764,48.707581
06/10/2022,136.712997,94.82,109.650002,32.761341,41.730499,46.247532,42.366879,12.493501,111.427498,32.36039,34.653706,132.910782,37.810795,116.589745,75.328995,251.74469,169.646179,88.059998,19.776155,48.592842
06/13/2022,131.478958,86.989998,103.669998,31.625513,40.443188,44.289452,42.123333,11.572412,106.876503,30.633181,33.16069,131.856781,36.450077,113.117897,73.168396,241.06749,156.383514,83.93,18.887232,47.416744
06/14/2022,132.356277,86.989998,102.309998,31.072411,39.594727,44.551174,41.801857,11.954565,107.194,31.10965,33.150867,132.452087,36.604481,111.23568,72.954277,243.28653,158.272476,83,18.590925,47.005589
06/15/2022,135.018158,89.300003,107.669998,31.655142,40.833275,46.121517,42.668869,12.023157,110.390503,31.963333,33.799152,133.759842,37.29932,112.552261,73.985916,250.520737,165.17865,84.339996,18.581366,46.996037
06/16/2022,129.66449,82.050003,103.660004,31.457607,40.189617,45.452663,42.201267,11.023678,106.636002,30.097147,32.129326,132.403305,36.035099,110.621284,71.971298,243.76416,155.923752,81.660004,18.122566,46.699615
06/17/2022,131.159927,81.57,106.220001,31.526745,40.111603,45.094013,42.269459,11.004079,107.865501,30.563694,32.954418,131.768951,35.678032,110.231186,70.949402,246.430954,158.712219,84,18.524015,46.881287
06/21/2022,135.456833,83.790001,108.68,32.445286,41.272137,46.489864,43.000088,11.229453,112.014999,31.159283,33.681278,134.530823,36.411469,112.961853,72.633102,252.490997,165.568436,84.849998,19.078398,48.430294
06/22/2022,134.938416,83.75,108.949997,32.198364,41.184364,45.753166,42.444813,11.24905,112.033997,31.298256,33.141048,133.779343,36.0737,112.32795,72.409264,251.883987,163.509583,83.75,19.422499,48.564159
06/23/2022,137.849533,82.43,112.440002,31.684774,40.96006,44.929218,41.821335,11.327441,112.684502,31.457079,33.268734,135.106598,36.102654,111.099152,71.990768,257.585754,162.160309,83.75,19.69969,49.807186
06/24/2022,141.229218,87.080002,116.459999,31.911942,42.520443,46.392933,42.961121,11.768388,118.538002,32.558922,34.604595,138.639435,37.260719,114.414955,75.737762,266.382294,171.165329,85.639999,20.062904,48.726707
06/27/2022,141.229218,86.160004,113.220001,31.951445,41.993816,46.363853,42.639648,11.797784,116.622498,32.578773,34.732288,139.361618,37.280018,113.498238,75.36792,263.586121,168.596756,84.449997,19.862183,48.726707
06/28/2022,137.022064,80.779999,107.400002,31.862555,41.798767,45.762859,41.947983,11.572412,112.571503,31.854139,33.828617,138.44426,36.459717,112.95211,76.068657,255.217514,159.731659,83.190002,19.69969,48.248619
06/29/2022,138.80661,77.989998,108.919998,31.467484,41.359905,45.656227,41.772629,11.288246,112.2565,31.208916,33.013355,137.321945,35.986847,112.444984,76.097855,258.978882,155.334091,83.410004,20.024673,48.707581
06/30/2022,136.304245,76.470001,106.209999,30.746477,40.677242,44.580257,41.538826,10.906091,109.372498,31.427299,32.198086,137.79039,36.102654,109.821587,74.024841,255.56575,151.506195,81.769997,20.034229,48.525909
07/01/2022,138.507507,73.669998,109.559998,31.171179,41.369659,45.433281,41.499859,11.092268,109.081001,31.754873,31.304243,137.722076,35.070045,111.225937,74.696388,258.302246,145.149719,81.68,20.368769,49.376904
07/05/2022,141.129517,75.199997,113.5,30.855122,41.038082,45.181252,41.244293,10.974683,113.887001,32.330612,30.980101,134.306335,35.407814,110.802872,74.073509,261.556152,149.557281,80.949997,20.234955,49.166546
07/06/2022,142.485397,75.349998,114.330002,30.598324,40.550461,44.735352,41.961842,10.837501,115.213501,31.854139,30.616667,134.75528,35.69733,110.084648,73.43116,264.899597,151.21637,80.330002,20.158487,49.252602
07/07/2022,145.904968,79.300003,116.330002,31.467484,41.242882,45.49144,42.482807,11.41563,119.306,32.449726,31.215837,137.439072,36.80714,112.868988,74.929962,267.078796,158.49234,83.510002,20.215837,49.097691
07/08/2022,146.59285,79.349998,115.540001,31.398348,40.852783,45.384815,42.649906,11.386233,120.168503,32.191639,31.53998,137.087738,36.662384,112.514793,74.676926,266.342468,158.29245,82.580002,20.146101,48.884689
07/11/2022,144.429443,76.949997,111.75,31.072411,40.677242,44.77412,42.512295,11.062873,116.522499,31.62583,30.842583,137.604965,35.89999,111.039001,73.791267,263.207977,151.436249,81.989998,20.010504,48.894367
07/12/2022,145.416443,76.360001,109.220001,30.973644,40.735756,44.715965,42.128944,11.327441,114.849503,32.072525,30.773827,135.828781,35.909641,111.147224,73.908058,252.421326,150.736633,82.050003,19.952391,49.165462
07/13/2022,145.047577,77.519997,110.400002,30.460051,40.248135,44.105274,41.971672,11.278446,112.186996,32.003036,30.508619,133.876938,35.909641,110.104332,72.973755,251.476013,151.556183,81.519997,19.807106,48.904049
07/14/2022,148.018509,78.599998,110.629997,29.758797,39.438686,42.786961,41.607986,11.160861,111.440002,31.179136,30.62649,135.71167,36.39217,106.257416,72.691513,252.82933,153.635025,81.099998,19.690878,48.884689
07/15/2022,149.713348,81.110001,113.550003,31.852678,42.335148,48.447948,42.335365,11.641004,112.766998,32.330612,31.097969,136.550964,37.270367,111.127541,75.961601,255.456329,157.532867,82.150002,19.923332,49.397839
07/18/2022,146.622772,81.43,113.760002,31.862555,41.710995,48.535187,41.873375,11.719394,109.910004,32.75745,30.940809,134.804062,37.357224,109.986267,76.749931,252.998474,160.92099,82.209999,19.88459,48.681362
07/19/2022,150.540817,85.879997,118.209999,32.939129,42.500946,50.532047,43.278988,12.33672,114.620003,34.2365,32.247204,127.728645,38.814453,112.711571,79.465279,258.252502,169.82608,85.019997,20.146101,48.845959
07/20/2022,152.574615,89.43,122.769997,32.949005,42.06208,50.842239,43.377285,12.473903,114.699997,35.020691,32.355247,126.069565,39.142574,112.691895,79.620995,260.979004,177.971573,86.040001,19.836163,47.509834
07/21/2022,154.877594,91.089996,124.629997,33.235435,42.403419,50.977943,43.819607,12.738471,115.040001,35.040543,32.866013,124.088448,39.190826,113.459305,80.798615,263.536346,180.400238,87.260002,18.325205,46.144665
07/22/2022,153.621414,88.099998,122.419998,33.018143,42.01981,50.318787,43.701653,12.562092,108.360001,34.355614,31.893591,125.161964,37.830101,112.908348,80.224403,259.078369,173.094269,86.959999,17.821552,43.036724
07/25/2022,152.484894,87.540001,121.139999,33.314442,42.314888,50.561127,43.583702,12.581691,108.209999,34.22657,32.021278,125.444969,37.791496,113.360924,80.341194,257.555939,170.145889,85.489998,17.947466,43.336868
07/26/2022,151.139008,85.25,114.809998,32.642822,41.419807,49.824425,43.082401,12.287725,105.440002,32.866642,31.382822,124.996056,37.598488,111.589966,78.628288,250.660034,165.238617,85.269997,17.724695,43.491779
07/27/2022,156.313202,89.82,120.970001,33.17617,42.177189,50.7453,43.878582,12.924648,113.599998,34.047894,32.040924,126.011009,38.775848,113.380592,80.302261,267.417145,177.801651,86.660004,17.811865,43.482101
07/28/2022,156.871521,91.669998,122.279999,32.909496,42.324726,50.628979,44.841866,13.718354,114.589996,36.688343,32.306133,126.108604,38.322277,112.957535,81.495956,275.049377,179.740601,87.559998,17.995893,44.101749
07/29/2022,162.015808,94.470001,134.949997,33.393459,42.747677,50.805183,44.59613,14.394472,116.639999,37.532097,32.797256,127.640793,35.041096,113.498665,82.822304,279.358093,181.529617,85.389999,18.189606,44.721405
08/01/2022,161.01886,96.779999,135.389999,33.294693,42.580467,50.824757,44.507664,15.031396,115.480003,37.432831,33.072285,128.860703,35.668377,112.36721,82.615974,276.64151,184.308075,86.080002,18.141176,44.789177
08/02/2022,159.523407,99.290001,134.160004,32.632946,42.246037,49.67944,44.153805,14.855018,115.900002,36.4104,32.158798,128.636246,34.751575,110.615936,82.065796,273.467255,185.157593,85.290001,17.78281,43.898426
08/03/2022,165.624817,98.089996,139.520004,33.225555,42.99358,50.521301,44.930332,15.374355,118.779999,37.27401,32.374889,129.153473,35.243759,111.776901,83.559158,281.07959,188.825562,87.139999,17.792496,43.888748
08/04/2022,165.305786,103.910004,142.570007,32.988514,42.354237,50.17868,44.605965,15.060793,118.870003,36.837242,32.669563,128.470337,34.76123,110.547066,83.863716,282.253754,192.043777,85.949997,17.695639,43.017365
08/05/2022,165.076172,102.309998,140.800003,33.541611,42.787022,50.570244,44.242268,14.992201,118.220001,36.996063,32.983887,129.2901,34.498035,113.892212,84.620216,281.517395,189.785034,86.32,17.773123,43.520832
08/08/2022,164.596954,100.07,139.410004,33.077404,42.373909,50.384254,44.252102,15.462543,118.139999,37.939083,32.856194,129.416977,34.488289,112.504959,84.521973,278.940155,177.83165,84.830002,17.434126,43.123863
08/09/2022,164.646866,95.540001,137.830002,33.502102,42.482101,50.991177,44.153805,14.884413,117.5,37.403053,31.913235,127.944542,33.649963,113.518341,84.846199,280.9104,170.765549,83.519997,17.530983,43.259415
08/10/2022,168.959732,99.050003,142.690002,34.637936,43.268993,52.06797,45.235046,15.339656,120.650002,38.584301,33.376781,129.950623,34.478539,116.479774,87.331848,287.736633,180.86998,85.330002,17.443813,43.414326
08/11/2022,168.210968,98.120003,140.639999,35.46759,43.642765,52.860886,45.117092,15.666242,119.82,39.289089,33.612522,130.978363,34.692997,118.201538,88.618874,285.607147,179.320831,85.82,17.47287,43.356232
08/12/2022,171.814987,100.830002,143.550003,35.852783,44.164078,53.232868,45.814983,16.012621,122.650002,39.686146,34.034893,132.431046,35.19989,120.159431,90.053291,290.473114,186.986588,86.800003,17.695639,43.71447
08/15/2022,172.903183,101.010002,143.179993,35.803398,43.977188,52.929405,45.795322,16.151173,122.879997,40.400852,33.78933,133.340195,35.424091,120.4841,90.406975,292.025421,190.214813,86.919998,17.811865,44.111435
08/16/2022,172.743439,100.199997,144.779999,36.188595,44.291946,53.037086,45.972252,16.260035,122.510002,41.840199,33.887554,134.951004,35.27787,121.635223,90.21048,291.269165,188.685638,86.110001,17.986206,44.343803
08/17/2022,174.260925,98.269997,142.100006,35.96143,44.075554,52.625942,45.864128,15.864174,120.32,41.403431,33.700924,136.166504,34.878204,120.612,89.748726,290.501343,183.248657,87.160004,17.840923,43.898426
08/18/2022,173.861588,100.440002,142.300003,35.833027,43.928009,52.420376,48.527905,15.982931,120.860001,41.949387,34.604595,137.431442,35.287621,119.67733,90.122063,289.354553,187.626221,86.879997,17.850609,42.784992
08/19/2022,171.235947,95.949997,138.229996,35.042885,43.170631,51.500206,47.869335,15.715725,118.120003,40.897179,33.622345,136.73967,34.488289,116.715897,88.432213,285.345856,178.391342,86.730003,17.850609,43.007679
08/22/2022,167.292496,92.839996,133.220001,34.292252,42.531284,50.168896,46.896217,14.924001,115.07,39.835045,32.816902,133.952911,32.987099,114.787521,86.909378,276.969452,170.24585,85.230003,17.56004,42.765625
08/23/2022,166.953049,92.489998,133.619995,33.986069,42.265713,49.875221,46.601334,15.161517,114.769997,40.420712,32.807079,133.152451,33.09433,113.656075,86.752182,275.663147,171.715027,84.019997,17.492239,42.087887
08/24/2022,167.252548,92.730003,133.800003,34.094715,42.275543,49.933952,46.267136,15.359449,114.699997,40.559681,32.630276,131.660233,33.006596,113.931564,87.046928,275.014984,172.124802,84.160004,17.443813,42.16534
08/25/2022,169.748413,97.18,137.279999,34.707073,42.787022,50.961807,46.463722,15.765207,117.699997,41.095711,33.858089,132.401398,34.010635,116.637192,88.333961,278.066376,179.030975,85.260002,17.521297,42.3493
08/26/2022,163.349014,91.18,130.75,33.610748,41.311607,48.7299,45.107262,15.250587,111.300003,39.696075,30.83276,128.843826,32.519199,112.819794,85.2883,267.336609,162.510132,81.709999,17.327583,41.874878
08/29/2022,161.112747,88.489998,129.789993,33.482353,41.075539,48.328552,44.930332,15.408931,110.339996,39.408203,30.970278,128.774643,32.109787,112.544312,83.853897,264.48465,157.922653,81.339996,17.221043,41.952339
08/30/2022,158.646835,86.940002,128.729996,33.67001,40.996853,48.04467,44.468353,15.290173,109.910004,38.614086,30.547911,128.053238,31.446922,112.563995,82.95002,262.230988,154.594482,80.739998,17.259785,41.177773
08/31/2022,156.959625,84.870003,126.769997,33.195923,40.849308,47.780365,43.957218,15.082345,109.150002,38.28651,28.200336,126.936554,31.115494,111.894966,83.726181,260.735199,150.856567,79.349998,16.988588,40.480667
09/01/2022,157.69841,82.330002,127.82,33.275459,40.682098,47.72163,44.517498,15.032862,110.550003,37.949009,27.669924,128.132309,30.959526,112.662376,84.659523,259.668213,139.292953,78.879997,16.949844,40.480667
09/02/2022,155.551956,80.239998,127.510002,33.235691,40.44603,47.809731,43.829437,15.003173,108.68,37.939083,27.149332,126.284332,30.433134,111.875282,84.88549,255.340408,136.394577,77.230003,16.649591,39.986877
09/06/2022,154.274078,78.720001,126.110001,32.867844,40.465706,47.202808,43.711487,14.874517,107.480003,37.512245,26.844835,125.226944,29.594812,111.9048,83.637749,252.5383,134.575562,75.370003,16.262165,39.79324
09/07/2022,155.701721,79.610001,129.479996,33.374878,41.734562,47.604164,44.252102,15.27038,110.480003,39.497543,26.982349,126.205276,29.877502,114.029953,85.337425,257.364716,137.104919,74.5,16.339651,39.773876
09/08/2022,154.204208,82.779999,129.820007,34.448601,43.101776,48.84737,44.59613,15.309966,109.419998,39.725853,27.011816,126.956322,29.974981,116.686378,86.889732,257.793488,139.864212,74.190002,16.242794,40.006245
09/09/2022,157.109375,85.449997,133.270004,34.736912,43.416534,49.601128,44.989307,15.260483,111.779999,40.929726,27.758326,127.667839,30.667086,117.247185,87.891853,263.716797,143.833191,75.379997,16.494621,40.896992
09/12/2022,163.159332,84.639999,136.449997,35.064999,43.554234,49.796906,45.608562,15.379242,111.870003,42.564125,28.003887,129.120529,30.764566,118.634438,88.569756,265.900635,145.012909,75.620003,16.833616,41.400455
09/13/2022,153.58522,77.029999,126.82,33.80238,43.387028,47.966354,43.357624,14.587518,105.309998,41.069248,26.715668,125.750694,28.551779,114.512039,85.524101,251.28186,131.276413,72.010002,16.300907,40.422569
09/14/2022,155.05278,77.449997,128.550003,33.673134,43.003418,47.408382,43.210178,14.508345,105.870003,40.949657,26.794945,126.185516,28.444551,114.246407,85.651817,251.5112,131.246429,72.040001,16.242794,39.967514
09/15/2022,152.117645,76.660004,126.279999,34.309414,43.711613,47.418171,42.551609,14.735967,103.900002,40.959621,26.69585,124.011429,28.113121,115.96817,86.712891,244.69043,129.256927,71.860001,16.233109,39.725464
09/16/2022,150.450424,76.510002,123.529999,33.92168,43.170631,47.095131,42.56144,14.567725,103.629997,40.570957,26.983223,125.770454,28.50304,115.19091,85.897438,244.052231,131.946243,71.879997,16.213737,39.938469
09/19/2022,154.224152,76.769997,124.660004,34.488365,43.485386,47.222389,42.56144,14.775553,103.849998,41.517712,26.705761,126.225044,28.697998,116.253487,87.164825,243.83284,133.785782,72.480003,16.233109,39.928787
09/20/2022,156.640152,75.25,122.190002,33.97139,42.560791,46.253269,41.853722,12.954587,101.830002,40.780239,26.210293,124.81189,28.230095,113.961075,85.661644,241.768661,131.726288,71.169998,16.039396,39.299454
09/21/2022,153.465424,74.480003,118.540001,32.957321,41.606689,45.35268,40.880608,12.915001,100.010002,39.963039,25.76437,123.458031,27.752447,110.674965,84.846199,238.278488,132.57608,69.910004,15.739141,38.224743
09/22/2022,152.487045,69.5,117.309998,32.311096,40.259144,44.618504,40.448112,12.637897,100.57,38.527958,25.476997,123.833549,27.362528,109.415627,83.284058,240.30278,125.577873,69.379997,15.729456,38.660439
09/23/2022,150.180862,67.959999,113.779999,31.545572,39.5116,43.326344,39.966469,12.182656,99.169998,37.411785,25.12026,121.264191,26.826391,107.379021,80.081207,237.251389,125.127991,68.43,15.506687,38.263474
09/26/2022,150.520309,66.300003,115.150002,30.849642,38.823074,42.083138,39.887836,11.865966,98.809998,36.993217,24.733793,120.572441,26.290251,105.066933,78.361885,236.7827,122.248726,66.699997,15.177376,37.692234
09/27/2022,151.508667,67.169998,114.410004,30.392315,38.301762,41.691574,39.828857,11.786794,98.089996,36.973286,24.753613,120.305618,26.212269,104.142105,78.0868,235.745636,124.098251,65.889999,15.235489,37.653503
09/28/2022,149.591843,68.360001,118.010002,30.889408,38.941109,42.484486,40.634869,12.054001,100.739998,37.072945,25.377905,121.313599,26.446218,106.247574,80.041916,240.392548,127.327423,66.989998,15.332346,38.137608
09/29/2022,142.244034,64.139999,114.800003,30.481791,38.242748,41.495792,39.878002,11.351345,98.089996,35.727554,24.81307,120.196907,25.715122,104.447105,78.460129,236.832565,122.168739,65.07,15.041777,37.411453
09/30/2022,137.971115,63.360001,113,30.024466,37.888645,40.790981,39.317726,11.084138,96.150002,34.760868,24.694157,117.410133,25.120499,102.813889,77.625031,232.245483,121.358955,64.050003,14.85775,36.762756
10/03/2022,142.214081,66.110001,115.879997,30.909292,39.00996,41.662209,40.585724,11.351345,99.300003,35.986668,25.655365,120.078331,26.290251,105.991776,78.971016,240.063461,125.088005,66.160004,15.400145,37.914921
10/04/2022,145.858047,67.900002,121.089996,32.191795,40.691933,43.473179,41.48851,12.232138,102.410004,37.860249,26.398569,124.021317,27.001854,110.950447,82.498085,248.180588,131.636322,68.239998,15.584172,38.544258
10/05/2022,146.157532,67.940002,120.949997,31.734468,40.682098,42.915207,41.657166,12.380587,102.220001,36.863663,26.537302,124.258484,26.943365,109.580574,81.65316,248.49968,132.056213,67.610001,15.429202,38.147289
10/06/2022,145.189148,67.849998,120.300003,31.277142,40.013245,42.151661,41.190887,12.232138,102.239998,35.9767,26.240019,120.789848,26.494959,107.347069,79.884712,246.096451,131.266418,67.410004,15.101928,37.25433
10/07/2022,139.857986,58.439999,114.559998,30.571268,38.832912,41.300011,39.950798,12.073793,99.57,35.677727,24.81307,117.420021,25.071756,105.202911,77.546432,233.581741,120.729118,66.410004,14.727337,36.279648
10/10/2022,140.187439,57.810001,113.669998,30.481791,38.567333,40.722458,39.573807,11.242483,98.709999,35.179432,24.763523,116.362625,24.564863,104.220161,77.035553,228.605759,116.670151,65.620003,14.687906,36.053211
10/11/2022,138.749832,57.630001,112.209999,29.596966,37.8493,39.596718,39.266266,11.440414,98.050003,35.139568,24.555428,116.412041,24.408895,101.212379,75.650261,224.77655,115.830368,64.169998,14.599188,35.383736
10/12/2022,138.110886,57.849998,112.900002,29.686441,36.678806,39.978489,38.958725,11.420621,98.300003,35.289059,24.466242,116.184746,24.691587,102.850288,75.257271,225.115585,114.970589,63.169998,14.42175,35.127758
10/13/2022,142.753204,58.939999,112.529999,31.505806,38.567333,42.04398,40.288101,11.648242,99.709999,35.877045,25.784189,120.355026,25.754114,108.568054,77.929596,233.581741,119.569412,65.169998,14.904775,35.836617
10/14/2022,138.150833,55.939999,106.900002,31.515747,37.780449,42.318073,39.881351,11.549276,97.18,35.767418,25.209446,118.625648,25.256968,110.37471,73.980064,227.917694,112.24128,64.230003,14.776625,35.816925
10/17/2022,142.174164,57.959999,113.790001,33.424587,39.698486,42.670479,40.97263,11.707621,100.779999,35.877045,25.45718,120.088203,25.754114,115.01046,75.787811,236.862488,118.849594,66.089996,15.092071,36.604542
10/18/2022,143.511932,57.919998,116.360001,34.677265,39.305042,43.218666,41.458748,11.905552,101.389999,36.564686,25.318447,121.491478,25.217976,117.968605,78.047493,237.829758,119.639389,65.269997,15.377942,36.496246
10/19/2022,143.62175,57.23,115.07,33.722843,38.380451,42.425751,41.548035,12.004518,100.290001,34.71104,25.258991,121.066544,25.3447,115.655701,76.279045,235.81543,120.479179,64.629997,15.318796,36.003983
10/20/2022,143.152527,57.77,115.25,33.504124,37.790283,42.01461,41.379383,11.648242,100.529999,34.740936,25.338266,126.78833,25.422684,115.278481,75.257271,235.486359,121.908813,64.730003,16.501715,36.42733
10/21/2022,147.026108,58.82,119.32,34.746857,39.570618,43.326344,42.460743,12.063896,101.480003,35.777386,26.547211,128.369461,26.290251,121.333755,77.831352,241.439575,124.62812,65.040001,16.85659,34.802864
10/24/2022,149.202484,58.700001,119.82,34.866158,40.17062,43.473179,43.194878,12.350897,102.970001,35.767418,26.814762,131.126602,26.494959,121.482651,78.037666,246.555176,125.957771,65.139999,17.260754,35.413273
10/25/2022,152.087708,61.470001,120.599998,35.184299,40.918163,44.363983,44.008377,12.697276,104.93,36.993217,27.33005,131.36377,26.719162,121.800308,79.09874,249.955582,132.57608,67.239998,17.438192,35.86615
10/26/2022,149.102661,59.73,115.660004,35.492496,40.947933,44.452087,44.028221,12.687379,94.82,41.657234,27.230957,133.419266,26.524202,123.199974,79.49173,230.669937,128.927017,67.32,17.881786,35.86615
10/27/2022,144.560196,58.599998,110.959999,35.661507,41.334988,44.481453,44.067898,12.865518,92.599998,41.507748,26.973312,133.182098,25.607895,123.686378,79.275581,226.112778,131.726288,66.860001,17.773354,35.620022
10/28/2022,155.482086,62.009998,103.410004,35.969707,41.99992,45.156898,45.278229,13.122828,96.580002,43.072384,27.79579,136.878021,28.337324,125.155525,81.562134,235.207138,138.304611,67.849998,18.216946,37.086956
10/31/2022,153.086044,60.060001,102.440002,35.830521,41.791508,44.892593,45.069897,13.231689,94.660004,42.853134,27.369688,136.660614,27.713455,124.956985,81.512535,231.477661,134.935486,67.470001,17.970505,36.791599
11/01/2022,150.400497,59.66,96.790001,35.989594,41.910599,45.244999,45.099655,13.261379,90.5,43.929447,27.597605,136.571671,27.586731,127.210342,83.050133,227.528793,135.395355,74.010002,18.088799,36.791599
11/02/2022,144.78981,58.630001,92.120003,35.88023,41.722038,44.589134,44.216713,12.924897,87.07,43.341461,26.735487,135.217819,26.72891,126.039001,83.694939,219.481476,132.156189,71.370003,18.167658,37.126339
11/03/2022,138.650009,60.110001,89.300003,35.681393,41.215893,43.639599,43.502419,13.122828,83.489998,44.487534,26.418388,132.885635,26.699665,126.267311,82.950935,213.647903,134.175674,72.129997,17.91136,36.575008
11/04/2022,138.380005,62.189999,90.980003,36.576164,42.168636,44.689243,44.16711,13.370242,86.699997,45.195107,28.033617,135.346298,27.860523,129.721786,84.171089,220.767838,141.523788,74.589996,18.059223,36.663616
11/07/2022,138.919998,63.080002,90.529999,36.79488,42.099159,45.283382,44.196869,13.558276,88.650002,45.424324,28.489447,136.710022,28.067993,130.406738,84.88533,227.22963,142.973419,75.5,18.098656,36.614388
11/08/2022,139.5,63.849998,89.980003,36.894302,42.377045,45.669571,44.256397,13.57807,88.910004,45.274837,28.588541,138.389999,28.13715,130.486145,84.597649,228.226822,145.982651,76.809998,18.305666,37.283863
11/09/2022,134.869995,59.919998,86.139999,36.307732,41.781582,44.916996,43.561943,13.172311,87.400002,44.517429,27.548056,137.389999,27.188709,128.788696,82.782288,223.879074,137.724762,75.480003,18.11837,37.037731
11/10/2022,146.869995,68.470001,96.629997,37.908375,43.736683,47.947109,45.298073,14.033311,94.169998,46.998928,29.034462,141.229996,29.401743,134.089539,88.089493,242.297165,157.459717,80.5,18.571823,37.923805
11/11/2022,149.699997,72.370003,100.790001,38.186745,44.183281,49.699821,44.434971,14.35,96.730003,48.075241,30.273134,143.169998,30.063677,134.307922,90.053642,246.415558,163.228241,83.089996,18.778831,37.707207
11/14/2022,148.279999,73.529999,98.489998,37.540524,43.250389,48.541252,44.385365,14.06,96.029999,47.746365,30.154222,144.199997,29.98464,132.928116,89.0914,240.871185,162.908325,82.419998,18.788691,37.717056
11/15/2022,150.039993,76.370003,98.940002,37.480873,43.498501,48.551151,44.544098,14.3,98.720001,47.23811,30.283043,144.339996,30.340305,131.965225,89.775887,241.290009,166.617371,82.68,18.74926,37.116497
11/16/2022,148.789993,72.699997,97.120003,37.142849,43.478649,47.897598,44.038139,13.9,98.989998,46.61026,29.024553,144.520004,29.174511,132.143906,89.101326,241.729996,159.059311,81.139999,18.660542,37.293709
11/17/2022,150.720001,73.900002,94.849998,36.953953,43.548122,47.77877,46.220699,13.91,98.5,47.028824,29.163284,146.089996,29.530176,131.568146,88.238281,241.679993,156.729904,80.830002,18.680258,37.569374
11/18/2022,151.289993,73.57,94.139999,36.973835,44.222977,48.184769,47.41119,13.99,97.800003,47.387592,29.212831,147.639999,29.510418,132.858627,88.486282,241.220001,154.050583,80.389999,18.69997,37.953339
11/21/2022,148.009995,72.459999,92.459999,37.09314,44.312298,48.402618,47.242535,13.95,95.830002,46.630192,28.895731,146.679993,28.591614,132.074417,88.367249,242.050003,153.130829,79.089996,18.571823,38.022255
11/22/2022,150.179993,75.25,93.199997,37.272095,44.897835,48.848225,47.996513,14.07,97.330002,47.377628,29.113737,149.100006,29.46102,134.04982,88.952522,245.029999,160.338989,81.239998,18.729546,38.593281
11/23/2022,151.070007,76.400002,94.129997,37.391396,45.145947,47.768871,48.185005,14.03,98.82,47.108551,29.638935,148.75,29.312826,135.479263,89.210449,247.580002,165.147751,82.199997,18.818264,38.317612
11/25/2022,148.110001,75.139999,93.410004,37.480873,45.324581,47.818382,48.016354,14.08,97.599998,47.547047,29.876759,148.369995,28.986799,135.737366,90.18261,247.490005,162.658386,82.889999,18.847837,38.416065
11/28/2022,144.220001,73.190002,93.949997,36.645756,44.461163,46.768734,47.698891,13.73,96.25,46.899269,28.945278,146.179993,28.384142,133.364899,89.170769,241.759995,158.229523,82.169998,18.552107,37.64814
11/29/2022,141.169998,73.389999,92.419998,36.784943,44.500858,47.105412,47.897305,13.75,95.440002,45.842888,28.618269,146.490005,28.552095,135.558685,90.35125,240.330002,156.350006,82.230003,18.739403,37.74659
11/30/2022,148.029999,77.629997,96.540001,37.629997,45.552845,47.93721,49.32589,13.9,101.449997,46.969028,29.767757,148.899994,29.70801,137.166794,92.325325,255.139999,169.229996,83.07,19.00556,38.376682
12/01/2022,148.309998,77.480003,95.5,36.549999,45.413898,47.313358,49.57391,14.08,101.279999,47.148415,29.589388,149.160004,29.4709,135.241028,92.255882,254.690002,171.350006,83.940002,18.916842,37.736744
12/02/2022,147.809998,74.980003,94.129997,36.080002,44.877987,46.778637,49.306049,13.86,100.830002,47.487255,29.37138,148.669998,29.055956,134.168945,91.363083,255.020004,168.759995,82.790001,18.74926,37.589066
12/05/2022,146.630005,73.620003,91.010002,34.470001,43.706909,45.19426,48.938984,13.38,99.870003,46.640156,28.945278,147.410004,28.818846,130.406738,89.0914,250.199997,166.100006,81.610001,18.483103,36.496246
12/06/2022,142.910004,70.269997,88.25,33,42.515987,44.540707,48.204849,13.28,97.309998,46.301315,28.053434,147.5,28.255707,130.625122,86.809814,245.119995,159.869995,79.470001,18.897125,36.319031
12/07/2022,140.940002,70.139999,88.459999,32.740002,44.272598,44.233734,47.798096,13.1,95.150002,46.101997,27.577785,147.270004,27.988956,130.535782,86.58165,244.369995,161.199997,79.040001,19.025274,36.594696
12/08/2022,142.649994,70.470001,90.349998,32.439999,44.25275,44.25354,48.601677,13.12,93.949997,45.709999,28.221893,147.779999,28.097633,131.90567,87.98037,247.399994,171.690002,79.190002,18.847837,36.52578
12/09/2022,142.160004,68.589996,89.089996,32.380001,44.371841,44.421879,48.075878,13.18,93.07,45.150002,27.95434,147.050003,27.90004,131.190948,88.754128,245.419998,170.009995,80.379997,18.818264,36.82114
12/12/2022,144.490005,70.669998,90.550003,32.73,44.51078,45.322994,48.909218,13.46,93.559998,45.139999,28.757,149.210007,28.344624,133.225922,90.39093,252.509995,175.350006,80.18,19.025274,37.362625
12/13/2022,145.470001,71.650002,92.489998,32.75,45.374207,46.134983,49.246525,13.57,95.849998,46.369999,28.870001,150.570007,28.384142,133.096863,91.968201,256.920013,180.720001,80.989998,18.847837,37.274017
12/14/2022,143.210007,68.93,91.580002,32.279999,44.600101,45.530941,48.909218,13.48,95.309998,46.130001,28.360001,149.860001,27.9198,132.431778,89.775887,257.220001,176.740005,81.230003,18.630968,36.870365
12/15/2022,136.5,66.529999,88.449997,31.77,43.905399,44.184223,47.768337,13.03,91.199997,45.009998,26.84,142.360001,26.823162,129.146057,87.08757,249.009995,169.520004,78.669998,18.207088,37.185413
12/16/2022,134.509995,65.410004,87.860001,31.700001,43.756531,43.916859,47.43103,12.12,90.860001,44.459999,26.719999,140.160004,26.59593,128.34198,86.165009,244.690002,165.710007,78.370003,18.226805,36.545471
12/19/2022,132.369995,64.589996,84.919998,32.060001,43.835926,43.500961,47.024281,11.69,89.150002,43.18,26.559999,138.869995,26.467497,129.106339,84.865494,240.449997,162.539993,77.690002,17.605772,36.456863
12/20/2022,132.300003,65.050003,85.190002,32.189999,43.955021,43.382133,46.994518,11.47,89.629997,41.279999,26.610001,141.279999,26.12171,129.73172,84.478615,241.800003,160.850006,77.5,17.812782,36.417484
12/21/2022,135.449997,67.68,86.769997,32.68,44.441311,44.372368,47.282219,11.78,90.25,41.720001,26.690001,142.139999,26.507013,131.190948,86.174934,244.429993,165.009995,77.419998,17.891644,37.195255
12/22/2022,132.229996,63.860001,83.790001,32.389999,44.143581,43.560379,46.944912,11.31,88.260002,41.259998,26.66,140.880005,25.657366,129.70195,85.678932,238.190002,153.389999,76.769997,18.009937,37.717056
12/23/2022,131.860001,64.519997,85.25,32.470001,44.312298,43.827736,47.103645,11.36,89.809998,41.419998,26.76,141.649994,25.775923,130.317398,85.421013,238.729996,152.059998,76.940002,18.049366,37.815506
12/27/2022,130.029999,63.27,83.040001,32.529999,44.48101,43.95647,47.153248,11.2,87.93,41.009998,27.07,142.419998,25.627729,130.774033,84.37941,236.960007,141.210007,75.540001,18.197231,38.642506
12/28/2022,126.040001,62.57,81.82,32.77,44.29245,44.184223,46.696896,10.95,86.459999,40.290001,26.540001,140.020004,25.232544,131.488754,83.78421,234.529999,140.360001,74.849998,17.960648,38.209316
12/29/2022,129.610001,64.82,84.18,33.139999,45.314655,44.718948,47.123486,11.54,88.949997,41,27.040001,141.059998,25.894478,132.243179,84.557968,241.009995,146.029999,76.690002,18.187374,38.652348
12/30/2022,129.929993,64.769997,84,33.119999,45.175716,44.788265,47.262379,11.63,88.730003,41.599998,26.870001,140.889999,26.11183,133.11673,84.339729,239.820007,146.139999,76.279999,18.147943,38.790184
